code,cardType,taxNo,company_name,address,postalCode,phoneNumber,phoneNumber_quality,tax_Office,taxOfficeCode,email,email_quality,rep_name,currency,country_code,province_code,district_code,definition,Offers
C001,ALICI-SATICI,2450006683,ÇETİN CİVATA A.Ş.,Muratbey Köy Yolu Taşocakları Mevkii Mah. Fabrikalar Cad. No:17,34545,0212 778 11 00,,MARMARA KURUMLAR VERGİ D. BŞK.,34232,olcay.ozgur@cetin.com.tr,ugur.dede@cetin.com.tr,Olcay Özgür,TL,TR,34,15,,
C002,ALICI-SATICI,1950030906,CVT CİVATA-VİDA SAN. TİC. LTD. ŞTİ.,"Topselvi Mah. D-100 Güney Yan Yol No:6/7 P.K. 34873 ",34873,0216 488 88 74,0542 520 50 08,KARTAL VERGİ DAİRESİ MÜDÜRLÜĞÜ,34285,muhasebe@cvtcivata.com,,Serkan Bey,TL,TR,34,25,,
B001,ALICI-SATICI,4640039210,BOLT BAĞLANTI ELEMANLARI SAN.TİC.A.Ş.,Geyveli Cad. No:16,16235,0224 482 23 04,0541 614 27 41,ERTUĞRULGAZİ VERGİ DAİRESİ,16258,muhasebe@bolt.com.tr,Ridvan.Aydin@BOLT.COM.TR,Rıdvan Özel,TL,TR,16,12,,
K001,ALICI-SATICI,4840568639,KPS YEDEK PARÇA SANAYİ LTD. ŞTİ.,Çalı Sanayi Bölgesi Mah. Ömer Biltekin Caddesi Bakır Sk. No:6,16131,0542 429 23 11,0507 752 18 97,ÇEKİRGE VERGİ DAİRESİ,16253,gurkank@kpsgrup.com,kalite@kpsgrup.com,Erkan Bey,TL,TR,16,12,,
U001,ALICI-SATICI,8980075551,UYGUR MOBİLYA SANAYİ TEKERLEKLERİ VE ÜRÜN SAN.TİC.LTD.ŞTİ.,"Orhangazi Mah. 1664 Sk. No:15 ",34538,0212 672 05 86,,MARMARA KURUMLAR VERGİ D. BŞK.,34232,info@uygurteker.com.tr,,,TL,TR,34,18,,
A001,ALICI-SATICI,130631930,AKAR YEDEK PARÇA SAN. TİC. LTD. ŞTİ.,K.K.S. 2. KISIM 2. ETAP 2205 ADA Mah. 104. Sk. No:73-75,,0236 312 06 43,0 554 581 70 45,TURGUTLU VERGİ DAİRESİ,45209,info@akarmakina.com,,Mehmet Bey,TL,TR,45,17,,
A002,ALICI-SATICI,350039370,AKSİSTEM ELEKTROMEKANİK SAN.VE TİC.LTD.ŞTİ.,"YILDIRIM BEYAZIT OSB Mah. Sanayi Bulvarı No:112/A ",,0282 748 00 00,,ÇERKEZKÖY VERGİ DAİRESİ,59261,tulay@aksistem.com.tr,,,TL,TR,59,1,,
B002,ALICI-SATICI,1780023649,BİRLİK BAĞLANTI ELEM.SAN.TİC.LTD.ŞTİ.,"Fevzipaşa Mah. Mezbaha Sk. No:44 ",34582,0212 735 27 27,0530 091 55 72,SİLİVRİ   VERGİ  DAİRESİ    MD,34203,birlik@birlikbaglanti.com,ridvan@birlikbaglanti.com,Zühre Hanım,TL,TR,34,31,,
B003,ALICI-SATICI,1770205004,BİRİKİM KİMYA MÜHENDİSLİK MAKİNA İNŞAAT NAKLİYAT İTHALAT İHRACAT SAN.TİC.LTD.ŞTİ.,"Küçük Sanayi Sitesi Yeşiloba Mah. 46067. Sk. No:2 Daire:F ",,0532 476 17 60,,YÜREĞİR VERGİ DAİRESİ,1252,sonermarasli@birikimmakina.com,,Ersin Bey,TL,TR,1,12,,
E001,ALICI-SATICI,3770683924,ESAS BAĞLANTI ELEMANLARI SAN. TİC. LTD. ŞTİ.,Demirci Mah. Demirci Yolu B Blok Cad.  No:17  B/A,16159,0224 494 12 84,0533 133 48 00,ÇEKİRGE VERGİ DAİRESİ,16253,bilgi@esasbaglanti.com,,Hamit Bey,TL,TR,16,12,,
İ001,ALICI-SATICI,4710880229,İLGEN VİDA SAN. VE TİC. A.Ş.,"Selimpaşa Merkez Mah. Araptepe Mevkii Sanayi Bölgesi 5001. Sk. No:16 ",34582,0212 723 59 79,,SİLİVRİ   VERGİ  DAİRESİ    MD,34203,santral@ilgenvida.com,kaan@ilgenvida.com,Erdem Kumaş,TL,TR,34,31,,
M001,ALICI-SATICI,6190545167,MESAN KİLİT A.Ş,Alipaşa mah. Mah. ulubey cad. Cad. No:7,34570,0212 721 44 44,,SİLİVRİ   VERGİ  DAİRESİ    MD,34203,info@mesanlocks.com,MutluSaika@essentra.com,Ecevit Bey,TL,TR,34,31,,
H001,ALICI-SATICI,4620045989,HİDROMEKANİK MAK. SAN. TİC. A.Ş,Halkalı Cad. No : 188,34295,"0212 698 90 50 ",0533 560 30 90,HALKALI VERGİ DAİRESİ,34278,info@hidromekanik.com.tr,,,TL,TR,34,26,,
T001,ALICI-SATICI,8360434056,TEKNOFORM BAĞLANTI ELEMANLARI A.Ş.,"ADNAN KAHVECİ MAH. Bucağı İNÖNÜ Cad. No:87 ",34528,0212 482 64 82,0531 301 00 81,BÜYÜKÇEKMECE VERGİ DAİRESİ  MD,34204,info@teknoform.com,gguner@teknoform.com,Kamil Bey,TL,TR,34,12,,
D001,ALICI-SATICI,3130546185,DRESSELHAUS ÇETİN CİVATA PAZARLAMA LTD.ŞTİ.,"Adnan Kahveci Mah. Harbiye Cad. No:15/1 ",34528,0 212 689 38 00,,BÜYÜKÇEKMECE VERGİ DAİRESİ  MD,34204,info@dresselhauscetin.com.tr,a.savasli@dresselhauscetin.com.tr,Tanju Bey,TL,TR,34,12,,
K002,ALICI-SATICI,5480499437,KFG Access Equipment Metal İnşaat San.ve Tic. LTD. ŞTİ.,Veziçiftliği Mah.Fakülte Cad. Bağın Sok. No: 5a,41140,0533 679 50 33,0533 165 37 59,TEPECİK VERGİ DAİRESİ,41252,e.gezer@filagru.com,,Erol Bey,TL,TR,41,1,,
I001,ALICI-SATICI,4680291786,IŞILDAK İNŞAAT TİC.AŞ.,Pursaklar Sanayi Sitesi Mah. 1638 Cad. No:104,6180,0312 316 30 00,,DOĞANBEY VERGİ DAİRESİ MD.,6265,isildak@isildak.com.tr,,,TL,TR,6,22,,
T002,ALICI-SATICI,8360416310,TEKNİK BAĞLANTI ELEMANLARI SAN.TİC.A.Ş.,"Adana OSB Mah. İnönü Bulvarı No:16 ",,0322 394 50 88,,YÜREĞİR VERGİ DAİRESİ,1252,info@teknikvida.com.tr,,Funda Hn.,TL,TR,1,11,,
B004,ALICI-SATICI,1600646896,BEFA METAL KALIP PAZ. SAN. TİC. LTD. ŞTİ.,"NOSAB Çınar Cad. N115 Sk. No:12 ",16110,0224 482 44 72,,ERTUĞRULGAZİ VERGİ DAİRESİ,16258,info@befa.com.tr,,,TL,TR,16,12,,
E002,ALICI-SATICI,3390584728,ERBAY ALÜMİNYUM İNŞAAT SAN. TİC. A.Ş,"Makine İhtisas OSB 7. Cadde No: 1 ",,0216 589 18 18,,ANADOLU KURUMLAR VERGİ D.  BŞK,34244,info@erbay-uk.com,,,TL,TR,41,5,,
B005,ALICI-SATICI,4630003293,BESA İNŞAAT MAK. SAN. TİC. LTD. ŞTİ.,"Sanayi Mah. Hızır Reis Cad. No:12  ",,0216 307 98 27,,PENDİK VERGİ DAİRESİ,34263,muhasebe@besavida.com.tr,,Gülçin Hanım Muhaseb,TL,TR,34,28,,
U002,ALICI-SATICI,8850830788,UGC UĞUR GÜRBÜZ CİVATA A.Ş,Selimpaşa Ortaköy San. Bölgesi Merkez Mah. 6060 Sk. No:5/1,34590,0212 614 64 55,0533 281 07 97,SİLİVRİ   VERGİ  DAİRESİ    MD,34203,info@ugc.com.tr,,Taner Bey / Nazlı Ha,TL,TR,34,31,,
T003,ALICI-SATICI,8340224717,TEKELİOĞLU CİVATA SAN. TİC. LTD. ŞTİ.,Konya OSB Büyük Kayacık Mah. İhsan Dede Cad. 9 Nolu sk. No:35,35060,0332 239 17 40,0542 721 76 41,SELÇUK VERGİ DAİRESİ,42251,info@tekelioglucivata.com,alisoy@tekelioglucivata.com,Ali Bey,TL,TR,42,26,,
K003,ALICI-SATICI,4950033370,KANCIOĞLU OTOMOTİV SAN. ve TİC. A.Ş,Ali Paşa Mah. Köstemir Cad. İbrişim SK. No:23,34570,0507 220 96 56,0537 610 97 43,SİLİVRİ   VERGİ  DAİRESİ    MD,34203,info@kancioglu.com.tr,,Burak Bey,TL,TR,34,31,,
V001,ALICI-SATICI,9250011960,VİD-SA VİDA SAN. TİC. LTD. ŞTİ.,"ŞEYHLİ Bucağı RAMAZANOĞLU Mah. KAYNARCA Cad. No:62 ",34906,0216 378 98 08,0531 033 33 38,PENDİK VERGİ DAİRESİ,34263,info@vidsa.com,altug@vidsa.com,Emine Hanım,TL,TR,34,28,,
C003,ALICI-SATICI,2450489157,CİVTEC CİVATA A.Ş,"Mimarsinan Merkez Mah. Çatalca Cad. No:27 ",34535,0212 576 35 27,0533 595 25 48,MARMARA KURUMLAR VERGİ D. BŞK.,34232,cetin@cetin.com.tr,kaplama@civtec.com.tr,Fatma Hanım,TL,TR,34,14,,
H002,ALICI-SATICI,4570590178,HARP SAVUNMA SİSTEMLERİ SAN. ve TİC. A.Ş,"Bilkent CyberPark, Cyber Plaza B Blok No:216 ",,0312 265 02 66,,DOĞANBEY VERGİ DAİRESİ MD.,6265,mehmet.yener@harp.com.tr,,Mehmet Yener,TL,TR,6,7,,
M002,ALICI-SATICI,6240011144,MURAT CİVATA BAĞL.ELEM.SAN.TİC.A.Ş.,İstanbul Anadolu Yakası Organize Sanayi Bölgesi Gazi Bulvarı No: 37,34953,0216 593 41 41,,TUZLA VERGİ DAİRESİ  MÜDÜRLÜĞÜ,34245,muratcivata@muratcivata.com.tr,turkankartal@muratcivata.com.tr,Abdullah Bey,TL,TR,34,36,,
O001,ALICI-SATICI,6320429100,OBEL CİVATA SAN. VE TİC. A.Ş.,"A.O.S.B. Mah. 10002 Sk. No:30 ",35620,0232 376 84 15,,ÇİĞLİ VERGİ DAİRESİ,35269,info@obel.com.tr,damla.savas@obel.com.tr,Göksel Bey,TL,TR,35,10,,
M003,ALICI-SATICI,1826598658,MEKA GIDA LOJ.İNŞ.SAN. VE TİC.,Gökdere Caddesi no:85 IŞIKKENT,,0530 160 63 52,,HASAN TAHSİN VERGİ DAİRESİ,35263,info@mekagida.com,,,TL,TR,35,7,,
V002,ALICI-SATICI,9251079839,VİSAN VİDA SAN. VE TİC. A.Ş,"Kurtköy Sanayi Mah. İmame Sokak No:30 A  ",34906,0216 378 08 93,0535 378 30 33,PENDİK VERGİ DAİRESİ,34263,info@visanvida.com,,Canan Hanım,TL,TR,34,28,,
S001,ALICI-SATICI,7420420876,SAMPA OTOMATİV SAN.TİC.AŞ.,"Organize Sanayi Bölgesi O-S-B Bulvarı No:31 ",55300,0362 362 63 00,5053164991,19 MAYIS MAL MÜDÜRLÜĞÜ,55110,info@sampa.com,,Mustafa Bey,TL,TR,55,14,,
S002,ALICI-SATICI,2730088729,SFS INTEC BAĞLANTI TEK. SAN. TİC. A.Ş,7 Eylül Mah. Celal Umur Cad. No:9,,0232 853 20 00,,HASAN TAHSİN VERGİ DAİRESİ,35263,aytul.sener@sfs.com,,Aytül Hanım,TL,TR,35,29,,
S003,ALICI-SATICI,9260129792,STOEGER SİLAH SANAYİ A.Ş.,"Dudullu Organize Sanayi Bölgesi Mah. 2. Cad. No:27 ",34775,0216 365 07 60,0533 437 70 48,ANADOLU KURUMLAR VERGİ D.  BŞK,34244,info@stoeger.com.tr,eyup.koz@stoeger.com.tr,Birgül Hanım,TL,TR,34,37,,
Ö001,ALICI-SATICI,6850080373,ÖZEL CİVATA BAĞLANTI ELEMANLARI SAN. ve TİC LTD ŞTİ,Koza Mah. 1697. Sk Evren Sanayi Sitesi 10. Blok No:6/1,34000,0212 672 13 80,0539 545 57 22,ESENYURT VERGİ DAİRESİ MD,34298,muhasebe@ozelcivata.com,info@ozelcivata.com,Sevgi Hanım,TL,TR,34,18,,
A003,ALICI-SATICI,910988107,ASMETAL OTOMOTİV SANAYİ VE TİCARET A.Ş.,DOSAB 1.Alaşar Cad. No:1/2,,0224 261 06 04,,ERTUĞRULGAZİ VERGİ DAİRESİ,16258,info@asmetal.com,,,TL,TR,16,15,,
Y001,ALICI-SATICI,9400067583,YAŞLICALAR CİVATA TEKN. HIRD. SAN. VE TİC. LTD. ŞTİ.,Artvin San. Sit. 50. BLOK No:13,,0264 291 41 29,0534 358 75 04,ALİ FUAT CEBESOY VERGİ DAİRESİ,54252,info@yaslicalarcivata.com,,Salim Özkılıç,TL,TR,54,3,,
E003,ALICI-SATICI,3290631507,EKİNLER ENDÜSTRİ SAN. TİC. A.Ş,OSB III.KISIM Keçiliköy OSB Mah. Necip Turagankur Cad. No:4,45030,0236 213 04 74,0507 062 49 13,MARMARA KURUMLAR VERGİ D. BŞK.,34232,info@ekinler.com,,Fatih Bey,TL,TR,45,10,,
F001,ALICI-SATICI,6490020363,"FORD OTOMOTİV SANAYİ A.Ş ","Akpınar Mah. Hasan Basri Cad. No: 2 ",,,,BÜYÜK MÜKELLEF. V.D. BAŞKANLIĞ,34230,info@fordotosan.com.tr,,,TL,TR,34,29,,
D002,ALICI-SATICI,2720455975,DEGA DEMİR VE GALVANİZ SAN.A.Ş.,"Orhangazi Mah. Demir Sk. No:4 ",34510,0212 623 26 00,0541 613 49 66,BOĞAZİÇİ KURUMLAR VERGİ D. MD.,34231,info@degademir.com,kalite@degademir.com,Muhasebe,TL,TR,34,18,,
C004,ALICI-SATICI,2100008918,CİLAS KAUÇUK SANAYİ İTHALAT İHRACAT A.Ş,"Kemerler Mah. Ankara Cad. No:38 Çaydeğirmeni ",67800,0372 594 40 89,0535 320 78 93,DEVREK VERGİ DAİRESİ MD.,67264,info@cilaskaucuk.com,,Sercan Bey,TL,TR,67,3,,
T004,ALICI-SATICI,8440805375,TİTANOX TURKEY BAĞLANTI ELEMANLARI SAN ve TİC A.Ş,Çalı mah. 14. Sk. No:12-12A Nilüfer-Bursa,16110,0224 441 00 13,0549 678 32 02,ÇEKİRGE VERGİ DAİRESİ,16253,info@titanoxturkey.com.tr,,Çağlar Aktaş,TL,TR,16,12,,
İ002,ALICI-SATICI,4780140096,İNOX-EGE METAL ÜRÜNLERİ DIŞ TİC. LTD. ŞTİ.,"Bakır ve Pirinç San. Sit. Açelya Cad. No:21 Kat 4 ",34520,0553 218 20 60,,BEYLİKDÜZÜ VERGİ DAİRESİ,34297,info@inoxege.com.tr,,Hüseyin Bey,TL,TR,34,12,,
D003,ALICI-SATICI,3090331552,DOĞU PRES OTOMOTİV VE TEKNİK SANAYİ VE TİCARET AŞ,Nilüfer Organize Sanayi Bölgesi Manolya Cad. No:8,16000,0224 219 00 50,533 382 08 31,ERTUĞRULGAZİ VERGİ DAİRESİ,16258,info@dogupres.com,sinansahin@dogupres.com,Çağdaş Serintürk,TL,TR,16,12,,
R001,ALICI-SATICI,7340956745,RAPİER OTOMOTİV SAN ve TİC LTD. ŞTİ.,Minerali Çavuş OSB Mah. Şeftali Cad. No:15,16265,0224 411 00 41,0532 482 19 89,NİLÜFER VERGİ DAİRESİ,16257,info@rapier.com.tr,,Nurhan Top,TL,TR,16,12,,
E004,ALICI-SATICI,3840373510,EZEL CİVATA SANAYİ VE TİC.A.Ş.,"Büyük Sanayi Bölgesi Mah. 2561 Sk. No:14 ",35860,0232 449 09 67,,EGE VERGİ DAİRESİ,35268,info@ezelcivata.com,aziz@ezelcivata.com,,TL,TR,35,29,,
Ö002,ALICI-SATICI,6680367847,ÖZBEY MOTORLU TAŞITLAR MAK. OTO. PARÇALARI SAN. TİC. LTD. ŞTİ.,"Organize Sanayi Bölgesi 6. Cad. No:28 ",,0534 434 78 68,,NİĞDE VERGİ DAİRESİ,51260,info@ozbey.com.tr,,,TL,TR,51,5,,
E005,ALICI-SATICI,3260092128,EJOT TEZMAK BAĞLANTI ELEMANLARI TEKN. SAN. ve TİC. A.Ş,"Küçükköy Cebeci Cad. No:84 P.K. 34250 ",34250,0212 477 77 92,,YENİKAPI VERGİ DAİRESİ MD,34224,infoTR@ejot.com,,Buğra Bey,TL,TR,34,21,,
R002,ALICI-SATICI,7340728709,RASA ENDÜSTRİYEL RADYATÖRLER SAN.AŞ.,"Akçaburgaz Mah. 36. Sk. No:10 ",34522,0212 886 85 81,0546 975 52 92,ESENYURT VERGİ DAİRESİ MD,34298,info@rasa.com.tr,,Ali Bey,TL,TR,34,18,,
A004,ALICI-SATICI,740062678,ARES VİDA SANAYİ TİCARET LİMİTED ŞİRKETİ,tuzla,34956,0 212 000000,,TUZLA VERGİ DAİRESİ  MÜDÜRLÜĞÜ,34245,info@aresvida.com.tr,,Raif Bey,TL,TR,34,36,,
B006,ALICI-SATICI,1700300691,BİÇİMVERENLER BAĞLANTI ELEMANLARI SAN.TİC.LTD.ŞTİ,Nilüfer Ticaret Merkezi 62.Sokak No:18,16000,0224 443 12 32,,ÇEKİRGE VERGİ DAİRESİ,16253,info@bicimverenler.com,,Mustafa Bey Muhasebe,TL,TR,16,12,,
B007,ALICI-SATICI,1650281958,BERDAN CİVATA SOMUN MAK.YED.PAR.İMAL.SAN.LAB.HİZM.TİC.SAN.A.Ş.,Tarsus-Mersin Organize Sanayi Bölgesi 5.Cadde No:6,33540,0212 676 44 90,0532 134 43 36,KIZILMURAT VERGİ DAİRESİ,33204,info@berdancivata.com,,Gülsüm Hanım,TL,TR,33,11,,
B008,ALICI-SATICI,1470046242,BAŞKALLAR OTOMOTİV SANAYİ VE TİCARET LTD. ŞTİ.,Topçular Mah. Topçubaşı Esatağa Cad. Üretmen İş Merkezi No:3/1,34055,0212 501 64 74,,BAYRAMPAŞA VERGİ  DAİRESİ   MD,34264,info@baskallar.com.tr,,,TL,TR,34,19,,
C005,ALICI-SATICI,2571275546,ÇİNKOSAN KAPLAMA SAN.VE TİC.A.Ş.,Ulukent Sanayi Bölgesi 29 Ekim Mah. 10.001 Sokak No:42/A,,0232 833 40 05,,MENEMEN VERGİ DAİRESİ,35203,fgulec@cinkosan.com,,,TL,TR,35,23,,
D004,ALICI-SATICI,3090028668,DOĞUŞ KALIP METAL VE FORM SAN. DIŞ TİC. LTD. ŞTİ.,Mahmutbey Mah. Karaoğlan Cad. No:4/1,,0212 549 24 06,,GÜNEŞLİ   VERGİ  DAİRESİ    MD,34261,genelsatinalma@doguskalip.com.tr,,,TL,TR,34,5,,
D005,ALICI-SATICI,3160083714,DURMAZ VİDA SAN VE TİC. LTD. ŞTİ.,"Erdem Sanayi Sitesi Orta Mah. ",34956,0216 314 83 24,,TUZLA VERGİ DAİRESİ  MÜDÜRLÜĞÜ,34245,info@durmazvida.com.tr,kalite@durmazvida.com.tr,Umut Bey Muhasebe,TL,TR,34,36,,
E006,ALICI-SATICI,3560222034,ERGİN MAKİNA REVİZYON ELEKTRONİK SAN. VE TİC.LTD.ŞTİ.,TOPÇULAR MAH. İNCİRLİK SK GÜNDOĞAR 2 İŞ MERKEZİ NO: 1/164-166 RAMİ,34060,0212 613 11 59,,BAYRAMPAŞA VERGİ  DAİRESİ   MD,34264,engin@erginmakinaltd.net,,,TL,TR,34,19,,
G001,ALICI-SATICI,4260418618,GÜNDENİZ AHG BAĞLANTI ELEMANLARI SAN.DIŞ TİC.LTD.ŞTİ.,İst.Anadolu OSB Aydınlı Mahallesi Gazi Bulvarı No:37,34953,0216 593 41 41,,TUZLA VERGİ DAİRESİ  MÜDÜRLÜĞÜ,34245,gundenizcilik@gundenizcilik.com,,Abdullah Bey/Ayten H,TL,TR,34,36,,
H003,ALICI-SATICI,4630488066,HMS MAKİNA SAN.TİC.A.Ş.,Manisa OSB Yunusemre-Ahmet Nazif Zorlu Bulvarı No:7,45030,0236 290 15 00,,MESİR VERGİ DAİRESİ,45252,info@hmsmakina.com.tr,,,TL,TR,45,10,,
İ003,ALICI-SATICI,4780553710,İNOTRA RAYLI SİSTEMLER SAN. TİC. LTD. ŞTİ.,Arifbey Mahallesi Siteler Caddesi No:1/Z2,,4205401,0264 502 22 22,GÜMRÜKÖNÜ VERGİ DAİRESİ,54251,info@inotra.com.tr,,,TL,TR,54,3,,
K004,ALICI-SATICI,5760013622,KONAK CİVATA SANAYİ ve TİC. LTD. ŞTİ.,Merve Mahallesi Necip Fazıl Caddesi No:18,34791,0216 561 12 12,,SULTANBEYLİ VERGİ DAİRESİ   MD,34242,info@konakcivata.com,,,TL,TR,34,29,,
K005,ALICI-SATICI,5940833165,KURSAN CİVATA MAK.İNŞ.GID.SAN.TİC.LTD.ŞTİ.,"İkitelli Organize Sanayi Bölgesi ",34008,0212 671 60 17,,İKİTELLİ VERGİ DAİRESİ,34249,info@kursancivata.com,,,TL,TR,34,8,,
N001,ALICI-SATICI,6310025860,NET CİVATA VE VİDA SANAYİ ANONİM ŞİRKETİ,Söğütlüçeşme Mahallesi Halkalı Caddesi No:235,34295,0212 698 91 70,0531 306 40 73,HALKALI VERGİ DAİRESİ,34278,net@netcivata.com,firat.zimbirlar@netcivata.com,Fırat Bey,TL,TR,34,26,,
N002,ALICI-SATICI,6310077327,NORM CIVATA SANAYİ TİCARET A.Ş.,Atatürk OSB 1007.Sokak No:1/2/3,,0232 376 76 10,0538 489 26 30,ÇİĞLİ VERGİ DAİRESİ,35269,info@normcivata.com,nur.baci@normcoating.com,Nafil bey,TL,TR,35,10,,
N003,ALICI-SATICI,6311050272,NESAN OTOMOTİV ANONİM ŞİRKETİ,Cüneytbey Mah. İbrahim Turan Cad. No:170,35470,0232 782 56 00,0533 895 49 52,MENDERES VERGİ DAİRESİ,35215,info@nesan.com.tr,,Gözde Hn,TL,TR,35,22,,
N004,ALICI-SATICI,6310541517,NORM SOMUN SANAYİ VE TİCARET A.Ş.,Atatürk OSB Mustafa Kemal Atatürk Bulvarı No:50-52,,0232 376 89 42,,ÇİĞLİ VERGİ DAİRESİ,35269,info@normcivata.com,,,TL,TR,35,10,,
N005,ALICI-SATICI,6310619899,NORM SALİHLİ VİDA VE CİVATA MAKİNE SAN. TİC. A.Ş.,Salihli Organize Sanayi Bölgesi 304.Cadde No:8/1,45300,0236 742 50 61,,ÇİĞLİ VERGİ DAİRESİ,35269,info@normcivata.com,,,TL,TR,45,11,,
O002,ALICI-SATICI,6440378508,OPTİMAS OE SOLUTİONS BAĞLANTI SİSTEMLERİ SATIŞ VE TİC. LTD. ŞTİ.,Orhanlı Beldesi Orta Mah. Tem Yan yol (DB Schenker Arkas Orhanlı Lojistik Merkezi),34956,0216 581 31 04,,TUZLA VERGİ DAİRESİ  MÜDÜRLÜĞÜ,34245,mahmure.cakici@optimas.com,,Mahmure Hanım,TL,TR,34,36,,
R003,ALICI-SATICI,7340845142,REMES BAĞLANTI ELEMANLARI SAN.TİC A.Ş.,Alaattinbey Mahallesi 626.Sokak No:21,16120,0224 222 33 22,0541 297 16 63,ÇEKİRGE VERGİ DAİRESİ,16253,muhasebe@remes.com.tr,,Hakan Bey,TL,TR,16,12,,
S004,ALICI-SATICI,7750408257,SOY CİVATA VE END. MALZEMELERİ LTD. ŞTİ.,Perşembe Pazarı Caddesi Mahkeme Sokak No:26/6-7,,0212 235 56 33,0530 314 91 44,GALATA VERGİ DAİRESİ MÜDÜRLÜĞÜ,34268,info@soycivata.com,,İsmail Bey,TL,TR,34,20,,
Ş001,ALICI-SATICI,7880051592,ŞA-RA ENERJİ A.Ş.,"UMIT MAH. 2479 CAD. NO: 2 IC KAPI NO: 18 ",6810,0312 285 24 24,0532 507 10 36,DOĞANBEY VERGİ DAİRESİ MD.,6265,adanasatinalma@sara.com.tr,,Hanife Hanım,TL,TR,6,7,,
A005,ALICI-SATICI,861150778,AS CIVATA ELEKTR.TEKS.SAN.TİC.A.Ş.,İkitelli Organize Sanayi Bölgesi,,0212 472 15 06,,HALKALI VERGİ DAİRESİ,34278,info@ascivatavida.com.tr,,,TL,TR,34,8,,
N006,ALICI-SATICI,6320000500,NORMATEK VİDA SANAYİ VE DIŞ TİCARET LTD.ŞTİ.,Çerkeşli OSB Mahallesi İMES 21.Cadde No:A/8,41455,0262 502 30 05,0532 271 24 34,ULUÇINAR VERGİ DAİRESİ,41202,info@normatek.com.tr,,Mete Bey,TL,TR,41,5,,
T005,ALICI-SATICI,8610052855,TUNA VİDA BAĞLANTI ELEMANLARI SAN TİC A.Ş,"ESENTEPE Bucağı G.O.P. SAN SİT MAH. 12. BLOK D:3  ",34000,0212 667 62 56,0533 813 58 88,KÜÇÜKKÖY  VERGİ  DAİRESİ    MD,34237,info@tunavida.com,,Yasemin Hanım,TL,TR,34,33,,
U003,ALICI-SATICI,9000501216,UYSAL MAKİNA SANAYİ İTH.İHR.VE TİCARET A.Ş.,10038 Sokak No:5 A.O.S.B.,35640,0 232 328 19 13,,HASAN TAHSİN VERGİ DAİRESİ,35263,info@uysalkaplama.com.tr,,Efe Bey,TL,TR,35,10,,
B010,ALICI-SATICI,1660225022,BEST KALE CİVATA MAK. TİC VE SAN. A.Ş.,AKÇABURGAZ MAH.  127.Sokak  No:3,34538,0212 625 62 62,0541 301 09 70,ESENYURT VERGİ DAİRESİ MD,34298,bestkale@bestkalecivata.com,,Mehmet Bey,TL,TR,34,18,,
M004,ALICI-SATICI,6160014588,MERAL MUTFAK EŞYALARI MAK.SAN.TİC.LTD.ŞTİ.,"Özgürlük Mah. İstiklal Cad. No:201.Sokak Daire:1/2 ",,0216 352 52 90,,İLYASBEY VERGİ DAİRESİ,41203,info@meralmutfak.com.tr,,,TL,TR,41,2,,
A006,ALICI-SATICI,990038278,ATAY OTOMAT MAK. SAN. ve TİC. LTD. ŞTİ.,Ömerli Mah. Hakkı İleri Cad. No: 74/A,34000,0212 577 73 43,0541 889 79 31,BÜYÜKÇEKMECE VERGİ DAİRESİ  MD,34204,info@atayotomat.com,,Sercan Bey,TL,TR,34,2,,
A007,ALICI-SATICI,860845744,ARVEN AYDINLATMA SANAYİ LTD. ŞTİ.,Org. Sanayi Bölg. Mah. 1. Cadde No:17/1,,0850 305 3450,,ACIGÖL MAL MÜDÜRLÜĞÜ,50107,bilgi@arvenaydinlatma.com.tr,,Hayri Bey,TL,TR,50,1,,
B011,ALICI-SATICI,1290426545,BAFA SAVUNMA ve HAVACILIK SİST. LTD. ŞTİ.,Ostim OSB. Mah. 1273. Cad. No: 25,,0312 385 08 10,0507 708 52 84 MURAT,OSTİM VERGİ DAİRESİ,6271,info@bafasavunma.com,,,TL,TR,6,25,,
Y002,ALICI-SATICI,9470446329,YELKEN KALIP PENCERE KAPI  AKSESUARLAR VE METAL SAN.TİC.A.Ş.,Battalgazi Mah.Ahmet Haşim Caddesi No.27 Kıraç,,0212 771 01 01,+90 535 307 16 50,MARMARA KURUMLAR VERGİ D. BŞK.,34232,mehmetcan.gudelek@yelken.com.tr,,"Mehmet Bey ",TL,TR,34,18,,
320 0610,ALICI-SATICI,3240717071,Ef Mühendislik Sanayi Ticaret Limited Şirketi,İkitelli Osb Mah.Metal İŞ San.Sitesi,,,,İKİTELLİ,,abc@abc.com,,,TL,TR,34,30,,
320 0806,ALICI-SATICI,3940004087,Genel Transport Nakliye Tic Ltd Şti,"İnönü, Cumhuriyet Cd. No:123, 34373 Şişli",,0212 241 25 15,,BOĞAZİÇİ KURUMLAR VERGİ D. MD.,34231,info@geneltransport.com.tr,,,TL,TR,34,35,,
320 0808,ALICI-SATICI,3880655966,Galvano Mondo Tic Ltd Şti,"İkitelli osb Galvanoteknik sanayi sitesi, Altın Sk. D:B blok No 4, 34490 Başakşehir",,0212 549 19 15,,İKİTELLİ,,abc@abc.com,,Çiğdem Hanım,TL,TR,34,30,,
320 1001,ALICI-SATICI,4661238318,Iss Global Forwarding Taşımacılık Anonim Şirketi,"Emaar Square Office Ünalan Mah. Libadiye Cad. No:82F Kat:12, 34700 Üsküdar",,0216 265 65 00,,ÜSKÜDAR,,abc@abc.com,,,TL,TR,34,30,,
320 2606,ALICI-SATICI,8830311040,Vidmaks Vida Ve Makina Sanayi Ve Ticaret Limited,Vatan Mah.,,0212 544 21 21,,BAYRAMPAŞA,,abc@abc.com,,,TL,TR,34,30,,
320 2704,ALICI-SATICI,9920362206,Yücelen Otomotiv İnş Makina Sanayi Ve Tic.Ltd.Şti.,İ.O.S.B. Bağcılar Güngören,,444 2 871,,İKİTELLİ,,abc@abc.com,,,TL,TR,34,30,,
Y004,ALICI-SATICI,29080926062,YEDİ KALE BAĞLANTI ELEMANLARI - SELDA ALTIN,Yıldırım Mah. Avasköyyolu Yeşilırmak Sk. No:2/1,,,,TUNA   VERGİ DAİRESİ MÜDÜRLÜĞÜ,34257,info@7kale.com.tr,,Selda Altın,TL,TR,34,9,,
S005,ALICI-SATICI,7720645404,SMDTEK ELEKTRİK ELEKTRONİK ve SAN TİC LTD ŞTİ,"Mehmet Akif Ersoy Mah. 5413 Sk. No:11/A ",,0531 263 63 24,,AKSARAY VERGİ DAİRESİ,68201,info@smdtek.com.tr,,,TL,TR,68,5,,
M006,ALICI-SATICI,6120642106,MARKA OTOMAT ve DEMİR ÜRÜN.SAN.ve TİC.LTD.ŞTİ.,"Şekerpınar Mahallesi  Fevzi Çakmak Caddesi Başak Sokak  Marmara Geri Dönüşümcüler Sitesi No:22/B",,0262 658 86 16,,İLYASBEY VERGİ DAİRESİ,41203,info@markaotomat.com,,,TL,TR,41,2,,
T006,ALICI-SATICI,8590535988,TRK BAĞLANTI ELEMANLARI SAN. TİC. LTD. ŞTİ.,"Tuzla Deri O.S.B. Mah. İstif Sk. No:1 ",,0216 595 10 99,0532 581 74 94,TUZLA VERGİ DAİRESİ  MÜDÜRLÜĞÜ,34245,info@trkfast.com,,Arda Bey,TL,TR,34,36,,
B012,ALICI-SATICI,1780769689,BMVA Elektronik San. ve Tic. A.Ş.,"Osmangazi Mh. 2644 Sk. No:3/2  34522, Kıraç ",,"0212 580 05 05 ",,ESENYURT VERGİ DAİRESİ MD,34298,ebru.karakutuk.bmva@gmail.com,,Alper Işın,TL,TR,34,18,,
E008,ALICI-SATICI,3360576962,ER DEMİR METAL SANAYİ VE TİCARET LTD ŞTİ,Haraççı Mah.Hadımköy Yolu Cad.No.127,,0212 683 04 50,,KÜÇÜKKÖY  VERGİ  DAİRESİ    MD,34237,erdal@er-demir.com.tr,,Erdal Demirören,TL,TR,34,2,,
İ004,ALICI-SATICI,4730345283,İLKE CNC OTOMAT SAN VE TİC LTD. ŞTİ.,Üçevler Mah. 80. Sk. No:9 G/1,16110,0224 362 26 00,,ÇEKİRGE VERGİ DAİRESİ,16253,info@ilkecnc.com,,,TL,TR,16,12,,
V005,ALICI-SATICI,4710413138,VORNE İLERİ PENCERE KAPI SİSTEMLERİ SAN. TİC. A.Ş.,Hadımköy Mah. Dr. Mithat Martı Sk. No:23 Hadımköy,,0212 771 15 32,0532 415 70 18,MARMARA KURUMLAR VERGİ D. BŞK.,34232,maliisler@vorne.com.tr,,Sevgi Hanım,TL,TR,34,2,,
E009,ALICI-SATICI,3290405317,EKİP TEDARİK İÇ VE DIŞ TİC.LTD.ŞTİ.,1145/9 SK. NO:9 HIRDAVATÇILAR ÇARŞISIYENİŞEHİR / İZMİR,,,,EGE VERGİ DAİRESİ,35268,info@ekiptedarik.com.tr,,,TL,TR,35,21,,
L001,ALICI-SATICI,4560485489,HS LİDER HIRDAVAT TEKNİK MALZEME SAN. TİC. LTD. ŞTİ.,Alaaddin Bey Mah. Nilüfer Ticaret Merkezi 632. Sk. No:1 L,16110,0224 376 03 76,,ÇEKİRGE VERGİ DAİRESİ,16253,info@hsliderhirdavat.com,,,TL,TR,16,12,,
M008,ALICI-SATICI,6130776447,MEGASAN METAL HIRDAVAT SAN. VE TİC. LTD. ŞTİ.,ALAATTİNBEY MAH. ÇİFTLİK CAD. ÖMÜRLÜ PLAZA NO.9/E  NİLÜFER / BURSA,16000,0224 443 04 50,,ÇEKİRGE VERGİ DAİRESİ,16253,muhasebe@megasanhirdavat.com,,,TL,TR,16,12,,
B013,ALICI-SATICI,1860590868,BÖLLHOFF CİVATA TİCARET LİMİTED ŞİRKETİ,"CEVİZLİ KURİŞ KULE D-100 GÜNEY YANYOLU NO:2  34865 ",34865,0216 593 01 88,0535 960 98 61,YENİKAPI VERGİ DAİRESİ MD,34224,ferguven@bollhoff.com,,Selen Hanım,TL,TR,34,25,,
320 2775,ALICI-SATICI,4210331855,GÜLSOY OTOMOTİV SANAYİ VE TİCARET A.Ş.,Şenlikköy Mahallesi Akasya Sokak No:22,,0212 601 11 11,,MARMARA KURUMLAR VERGİ D. BŞK.,34232,berk.altay@gulsoyotomotiv.com.tr,,,TL,TR,34,7,,
T015,ALICI-SATICI,8591022780,TRUEFAST BAĞLANTI ELEMANLARI & KALİTE ÇÖZÜMLERİ SAN. TİC. LTD. ŞTİ.," ALAADDİNBEY 614. SK. NO:3/A ÜNLÜ PLAZA NİLÜFER BURSA",16110,0224 443 11 44,,ÇEKİRGE VERGİ DAİRESİ,16253,info@truefast.com.tr,,,TL,TR,16,12,,
Y007,ALICI-SATICI,7340438012,RADİM RADYATÖR SAN. VE TİC. LTD. ŞTİ.,ORGANİZE SANAYİ BÖLGESİ 25. CAD. NO:4,,0222 236 90 11,,HAN MAL MÜDÜRLÜĞÜ,26111,info@hammamradiator.com.tr,,,TL,TR,26,10,,
K006,ALICI-SATICI,5530042663,KILIÇ OTOMAT SAN. VE TİC.LTD.ŞTİ.,"İKİTELLİ OSB ESKOOP SAN.SİT C 2-2 BLOK NO:60
C 2-2 BLOK NO:60",34000,"0212549 47 38 ",,İKİTELLİ VERGİ DAİRESİ,34249,info@kilicotomat.com.tr,,,TL,TR,34,8,,
E010,ALICI-SATICI,3250049968,EGE FREN VE SAN.TİC..Ş.,"7450/2 Sokak 4 35060 ",,2323973600,2324790208,HASAN TAHSİN VERGİ DAİRESİ,35263,info@egefren.com.tr,,Haluk Özcan,TL,TR,35,7,,
R004,ALICI-SATICI,7340748455,RAMZE HİDROLİK MAK. OTO. ve İÇ DIŞ TİC. LTD. ŞTİ.,Aslım San. Sit. Hacıyusuf Mescit Mah. Battalgazi Sk. No:1/F,,,,SELÇUK VERGİ DAİRESİ,42251,info@ramze.com.tr,,,TL,TR,42,22,,
U005,ALICI-SATICI,8980117074,UYGUN CİVATA METAL HIRD. SAN ve TİC. LTD. ŞTİ,Tersane Cad. Kardeşim Sk. No : 7  KARAKÖY,,,,BEYOĞLU VERGİ DAİRESİ,34266,civata_uygun@hotmail.com.tr,,,TL,TR,34,13,,
B014,ALICI-SATICI,1890607929,"BULT FINNVEDEN AKTIEBOLAG MERKEZİ ","TAŞ YONCASI SK. MASLAK 1453 T4 A BLOK No: 1 U NO: 82 ",,,,MASLAK VERGİ DAİRESİ MÜDÜRLÜĞÜ,34247,finance.turkey@bufab.com,,,TL,TR,34,30,,
T011,ALICI-SATICI,8390436052,TEPE HİDROLİK PNÖMATİK TEKSTİL GIDA SANAYİ VE DIŞ TİCARET LİMİTED ŞİRKETİ,"YENİ MALTEPE YOLU CAD. EMİNTAŞ ONUR SAN.SİT. EMİNTAŞ ONUR SAN.SİT.Kapı No:53 ",,0212 613 18 83,,BAYRAMPAŞA VERGİ  DAİRESİ   MD,34264,efatura@tepepnomatik.com.tr,,,TL,TR,34,9,,
G002,ALICI-SATICI,3930895691,GENÇ RONDELA METAL SAN. ve TİC. A.Ş,Orta Mah. No:34956 Özüm Sok. No: 5,34000,,,TUZLA VERGİ DAİRESİ  MÜDÜRLÜĞÜ,34245,muhasebe@gencrondela.com,,,TL,TR,34,36,,
P001,ALICI-SATICI,7300709078,Polar Fasteners Otomotiv Sanayi Ticaret Limited Şirketi,Gazi Osman Paşa Mah. Ergün Sok. No:35/A,59500,0282 768 59 77,0535 411 77 03,ÇERKEZKÖY VERGİ DAİRESİ,59261,s.karabulut@polarfasteners.com,,Serkan Bey / Satınal,TL,TR,59,1,,
320 2800,ALICI-SATICI,3100523615,Dost Kimya Endüstriyel Hammaddeler Sanayi Ve Ticaret Limited Şirketi,Deri OSB Mahallesi Gergef Sok.No.6,,0216 429 09 99,,YENİKAPI VERGİ DAİRESİ MD,34224,info@dostkimya.com,,,TL,TR,34,36,,
T012,ALICI-SATICI,8370541029,Telemar Savunma Elektrik  Elektronik İnşaat Makina Danışmanlık San.ve Tic. Ltd. Şti,"Yenibatı Mah.2402.Cad. No:10 ",,0312 354 70 19,,OSTİM VERGİ DAİRESİ,6271,info@telemar.com.tr,,,TL,TR,6,25,,
T013,ALICI-SATICI,8330808003,TECA Bağlantı Elemanları San.Tic.Ltd.Şti.,Mimar Sinan Mah. Çavuşbaşı Cad. Gün Plaza No:6 D:7,34794,0850 241 83 22,,SARIGAZİ  VERGİ  DAİRESİ    MD,34288,sales@tecafasteners.com,,Mustafa Karataş,TL,TR,34,16,,
E011,ALICI-SATICI,3810429582,EXPERT OTOMOTİV DIŞ TİC. SAN. LTD. ŞTİ.,Büyükkayacık Mahç 4. OSB Mah. 422 Sk. No : 13/A,,,,SELÇUK VERGİ DAİRESİ,42251,yasemin.yidirim@truckexpert.com.tr,,,TL,TR,42,26,,
T014,ALICI-SATICI,8720013769,Tusaş Motor Sanayii A.Ş.,"Esentepe Mahallesi
Çevreyolu Bulvarı No:356
26210",,0222  211 21 00,,,26250,kaan.uyar@tei.com.tr,,Kaan Uyar,TL,TR,26,15,,
E012,ALICI-SATICI,3360576962,ER DEMİR METAL SANAYİ VE TİCARET LTD.ŞTİ.,"HARAÇÇI MAH. HADIMKÖY YOLU CAD. NO:127 ",,,,KÜÇÜKKÖY  VERGİ  DAİRESİ    MD,34237,erdal@er-demir.com.tr,,ERDAL DEMİRÖREN,TL,TR,34,2,,
O003,ALICI-SATICI,6490515188,OUTOTEC TURKEY METAL ENERJİ VE SU TEKNOLOJİLERİ A.Ş,Selenium Retro Ataköy 7.8.9.10. Kısım Mah.Çobancesme E5 Yanyol Cad.,,0212 777 50 40,,BAKIRKÖY  VERGİ  DAİRESİ    MD,34284,mining@cengiz.com.tr,,,TL,TR,34,7,,
I002,ALICI-SATICI,4650708257,IMC GRUP HAVACILIK KİMYA ELEKTRONİK HABERLEŞME İNŞAAT TAAHHÜT TURİZM İTHALAT İHRACAT SAN.TİC.LTD.ŞTİ.,"Ataşehir Mahallesi 8260 Sok.No.25/A ",,0532 361 57 83,,ÇİĞLİ VERGİ DAİRESİ,35269,sales@imcaero.com,,,TL,TR,35,10,,
Y008,ALICI-SATICI,6110390970,MAKİSAN İNŞAAT SANAYİ VE TİC.LTD. ŞTİ.,"RAMAZANOĞLU MAH. ŞÜHEDA CAD. NO:22 ",34906,3787828,,PENDİK VERGİ DAİRESİ,34263,info@makisanmakine.com.tr,,,TL,TR,34,28,,
C006,ALICI-SATICI,2220070136,ÇAKIR ALÜMİNYUM İNŞ. NAK. SAN. VE TİC. LTD. ŞTİ.,Balçık Mahallesi 3256. Sokak No:22,41400,0532 422 30 12,0262 751 10 30,İLYASBEY VERGİ DAİRESİ,41203,info@cakiraluminyum.com.tr,,Ahmet Çakır,TL,TR,41,6,,
C007,ALICI-SATICI,2100357911,"CİLAS METAL TEKNİK SANAYİ TİCARET ANONİM ŞİRKETİ
",KEMERLER MAH. ANKARA CAD. 95 ÇAYDEĞİRMENİ KÖYÜ,,"0372 594 40 89   ",,DEVREK VERGİ DAİRESİ MD.,67264,s.dereli@cilasmetal.com,,,TL,TR,67,3,,
S006,ALICI-SATICI,7610967480,SER OTO YEDEK PARÇA SAN. VE TİC. LTD ŞTİ.,"1503 SK. NO:17 DOĞANLAR ",35080,5319724283,,HASAN TAHSİN VERGİ DAİRESİ,35263,kemal_kebapcilar@hotmail.com,,,TL,TR,35,7,,
K007,ALICI-SATICI,5410171669,KAZAKLAR MAKİNE İMALAT SAN. VE TİC. LTD. ŞTİ.,"ARI SANAYİ SİTESİ 1.ETAP 1416 CAD. NO:26 İVEDİK OSB. ",,3952918,,ULUS VERGİ DAİRESİ MD.,6260,info@kazaklarmakine.com,,,TL,TR,6,25,,
M010,ALICI-SATICI,6190079386,MERT OTOMATİK LTD.ŞTİ.,Emirhan cad zerde sok 12/A Dikilitaş,,0 530 407 96 68,,MECİDİYEKÖY VERGİ DAİRESİ   MD,34274,Sukran@mertmekanik.com,,Şükran Hanım,TL,TR,34,10,,
İ005,ALICI-SATICI,4700631561,İDEAL BAĞLANTI ELEMANLARI VE METAL ÜRÜNLERİ SAN.TİC.A.Ş.,7 Eylül Mahallesi 5549 Sok. No: 61/ 1-10,,0535 7157522,0505 7301688,TORBALI VERGİ DAİRESİ,35206,info@5sideal.com,,Salim Bey,TL,TR,35,29,,
M011,ALICI-SATICI,6240473370,MURAT TEKNİK OTOMAT SAN. VE TİC AŞ,"BURSA  YOLU 7.KM KURTUL KÖYÜ MEVKİİ ",16606,0224 522 81 80,,DAVUTPAŞA VERGİ  DAİRESİ    MD,34234,ezgi.islek@mtotr.com,,,TL,TR,16,2,,
S007,ALICI-SATICI,7440478692,SANOVA BÜRO MOBİLYA TEKS. TUR.İNŞ. DEK. VE GIDA TİC. LTD .ŞTİ,"MİMARSİNAN O.S.B. CAD. NO:2 ",,0352 321 46 40,0352 321 46 41,ERCİYES VERGİ DAİRESİ,38252,abc.abc@gmail.com,,,TL,TR,38,8,,
Y009,ALICI-SATICI,9950083181,YÜKSEL LASTİK OTOMOTİV YEDEK PARÇA SAN.TİC.A.Ş.,"Konya Organize San.Bölgesi 9. Sok.No. 13 ",,0332 2391494,,SELÇUK VERGİ DAİRESİ,42251,mustafa@ifn-auto.com,,Mustafa Bey,TL,TR,42,26,,
O004,ALICI-SATICI,6420883153,OMEGA CIVATA SANAYİ VE TİCARET ANONİM ŞİRKETİ,OSB Mah. İMES OSB 1. Bulvar No : 11,41455,2626443636,,ULUÇINAR VERGİ DAİRESİ,41202,info@omega.com.tr,export@omegacivata.com,,TL,TR,41,5,,
A008,ALICI-SATICI,80826320,AFS HASSAS DÖKÜM SAN. TİC. LTD. ŞTİ.,İstanbul Deri OSB. Kazlıçeşme Cad. No:49 R3 özel parsel,,(0216) 504 01 40,,TUZLA VERGİ DAİRESİ  MÜDÜRLÜĞÜ,34245,muhasebe@afshassasdokum.com,,Zeynep Hanım,TL,TR,34,36,,
A009,ALICI-SATICI,130032962,AKAR ASANSÖR MOTOR MAKİNA SAN. LTD. ŞTİ.,"SELİMPAŞA MAHALLESİ 5006 SK. NO:18 ",,"+90 (212) 723 86 78 ",,MARMARA KURUMLAR VERGİ D. BŞK.,34232,halil.akay@akarasansor.com,,,TL,TR,34,31,,
İ006,ALICI-SATICI,4780019116,İNCİ GS YUASA AKÜ SAN.VE TİC.A.Ş.,Manisa OSB 4. Kısım Keçeliköy OSB Mah.Cevdet İnci Caddesi No.11,,2362332510,,MESİR VERGİ DAİRESİ,45252,info@incigsyuasa.com,,,TL,TR,45,18,,
M012,ALICI-SATICI,6130760990,MAX MOTHES BAĞLANTI ELEMANLARI SAN.VE TİC.LTD.ŞTİ.,Tatlıkuyu Mh. 1301. SK. No: 23 İç Kapı No:10 | 41400 GEBZE / KOCAELİ,41400,0 236 233 35 15-16,0 236 233 35 15-16,ULUÇINAR VERGİ DAİRESİ,41202,muhasebe@maxmothes.com,,,TL,TR,45,18,,
V006,ALICI-SATICI,9250019232,VİS VİDASAN VİDA SAN.VE TİC.LTD.ŞTİ.,Selahaddin Eyyübi Mah.1596 Sok.No.14/1,34517,+90212 623 27 06,,ESENYURT VERGİ DAİRESİ MD,34298,vidasan@vidasan.com,,,TL,TR,34,18,,
A010,ALICI-SATICI,4259313265,AJAX SYSTEMS LLC MANUFACTURING,5 Sklyarenka str,,3.80938E+11,,,,chernovskyi.t@ajax.systems,,"Taras Chernovskyi ",TL,TR,34,1,,
O005,ALICI-SATICI,6470659279,ORTA ANADOLU BAĞLANTI ELEMANLARI UYGULAMA MERKEZİ SAN.TİC.LTD.ŞTİ.,Organize Sanayi Bölgesi Mah. 1 .Cad,,9.02125E+11,,ACIGÖL MAL MÜDÜRLÜĞÜ,50107,muhasebe@ndindustries.com.tr,,,TL,TR,50,1,,
K008,ALICI-SATICI,4910018692,KALE KİLİT VE KALIP SAN.A.Ş.,AYAZAĞA MH. AZERBAYCAN CD 1E BLOK NO.3F / 22 No:,,"+90 212 705 80 00 ",,BÜYÜK MÜKELLEF. V.D. BAŞKANLIĞ,34230,GGUZ@kalekilit.com.tr,,,TL,TR,34,30,,
A011,ALICI-SATICI,41029692,"ACAR BAĞLANTI ELEMANLARI MAKİNA SANAYİ VE TİCARET
LİMİTED ŞİRKETİ","SANAYİ MAH. HIZIR REİS CAD. BESA VİDA NO: 12 İÇ KAPI
NO: 1",,+90 216 307 98 27,,PENDİK VERGİ DAİRESİ,34263,muhasebe@acarvida.com.tr,sales@acarvida.com.tr,Nazlıcan Kurnaz,TL,TR,34,28,,
G003,ALICI-SATICI,7390337975,GLOBAL AMORTİSÖR SAN. VE DIŞ TİC.LTD.ŞTİ.,59500 Veliköy OSB Mah.6.Cad.No.13/1,,2827461350,,ÇERKEZKÖY VERGİ DAİRESİ,59261,info@ggstr.com,,,TL,TR,59,1,,
H004,ALICI-SATICI,4641528270,HSS TEKNİK ve YAPI ELEMANLARI SAN.TİC.LTD.ŞTİ.,Cumhuriyet Mah.Atatürk Cad. No.26 A Gazlıgöl,3380,0538 240 00 04,,İHSANİYE MAL MÜDÜRLÜĞÜ,3105,abc@abc.com,,ahmet bey,TL,TR,3,11,,
E013,ALICI-SATICI,3820451033,"EVERFAST DIŞ TİCARET ANONİM ŞİRKETİ
","GÜLLÜBAĞLAR MAH. ADEM SOK. 14/A ",,5325817494,,PENDİK VERGİ DAİRESİ,34263,hacer@ever-fast.com,,HACER HANIM,TL,TR,34,28,,
P002,ALICI-SATICI,7350183834,PARALEL METAL ENDÜSTRİ İTH.İHR.SAN VE TİC.LTD.ŞTİ.,Marmara Sanayi Sitesi P Blok No.13,34307,+90212 472 08 60,,HALKALI VERGİ DAİRESİ,34278,abc@abc.com,,,TL,TR,34,8,,
U006,ALICI-SATICI,9200302283,ÜSTÜN CİVATA HIRDAVAT İNŞ.TURİZM İÇ VE DIŞ TİC.LTD.ŞTİ.,İOSB Demirciler Sanayi Sitesi C1 Blok No.194,,+90 212 671 41 88,+90 533 243 18 60,İKİTELLİ VERGİ DAİRESİ,34249,info@ustuncivata.com,,Sedat Koca,TL,TR,34,8,,
HB.0001,ALICI-SATICI,56908007634,BERK BADEM,2425 Sokak Hekimköy Villaları Sitesi 8 / J - 4 Blok,,21222222222,,,,berkbadem@hb.com,,,TL,TR,7,18,,
Y010,ALICI-SATICI,9650082879,YILDIZ BRONZ SAN.TİC.LTD.ŞTİ.,Davutpaşa Caddesi Besler İş Merkezi,,(0212) 501 60 00,,DAVUTPAŞA VERGİ  DAİRESİ    MD,34234,abc@abc.com,,Cem Bey,TL,TR,34,20,,
İ007,ALICI-SATICI,4710416671,"İLERİ MEKANİK MAKİNA KALIP İMALAT SAN. VE TİC. A.Ş. 
","TOSB OTOMOTİV(OSB) MAHALLESİ ",,0282 648 66 66,,İLYASBEY VERGİ DAİRESİ,41203,Levent.Kucukmehmetoglu@ilerigroup.com,,,TL,TR,41,2,,
320 2891,ALICI-SATICI,36568355078,"ARSLAN FRİGO KASA SANAYİ - MUHAMMED SIDDIK ARSLAN ","İkitelli OSB Atatürk Cad. Fatih San. Sit. 3/A Blok No. 2 
",," 0212 485 85 51 ",0532 549 81 25,İKİTELLİ VERGİ DAİRESİ,34249,info@arslanfrigo.com,,,TL,TR,34,8,,
B015,ALICI-SATICI,11687148916,BİLGİN TEKNİK SAN VE TİC - SELÇUK CUMHUR GÜNER,"Demirci Mah.Demirci Yolu Cad.No.60 ",16159,0224 443 53 11,0549 330 02 03,ÇEKİRGE VERGİ DAİRESİ,16253,fikriye@bilginteknik.net,,Yağmur Hn,TL,TR,16,12,,
E014,ALICI-SATICI,3370046099,ERBAB OTOTMAT ve YEDEK PARÇA SAN ve TİC LTD ŞTİ,"Hasanağa Organize Sanayi Bölgesi 3.Cd. No:5/A ",,0224 484 25 88,0537 719 91 73,ÇEKİRGE VERGİ DAİRESİ,16253,deniz.taskinsel@erbab.com,,Deniz Taşkınsel,TL,TR,16,12,,
B016,ALICI-SATICI,1540143331,BAYKAN CİVATA HIRDAVAT MALZ.İNŞ.TAAH.İTH.İHR.SAN.ve TİC.LTD.ŞTİ.,Ostim OSB 1219 Cad.No.4,,0312 395 21 79,,OSTİM VERGİ DAİRESİ,6271,info@bkncivata.com,,,TL,TR,6,25,,
S008,ALICI-SATICI,7710037372,SİSTEM REKLAMCILIK AYDINLATMA ve İNŞAAT SAN. A.Ş.,"Yakuplu Mah. 81. Sokak No:2 Beylikdüzü ",34000,8761010,,MARMARA KURUMLAR VERGİ D. BŞK.,34232,Msahin@sistemreklamcilik.com,,MURAT ŞAHİN,TL,TR,34,12,,
320 2912,ALICI-SATICI,47497419892,YILDIZ KOMPRESÖR-MEHMET TARHAN,"AĞAÇİŞLERİ SANAYİ SİTESİ 33.CAD NO:136 ",,5336765101,,,,m.tarhan3838@hotmail.com,,,TL,TR,38,1,,
H005,ALICI-SATICI,4581563188,"HAS FASTENERS VİDA BAĞLANTI ELEMANLARI A.Ş ","Balçık Mah Organize Cad No :81 41400 ",,+90 444 82 81,0262 751 12 01,İLYASBEY VERGİ DAİRESİ,41203,gulcan.sahin@hasvida.com,,,TL,TR,41,6,,
S009,ALICI-SATICI,7440061823,SANKYO OILLESS  Makina San. Tic. Ltd. Şti.,"Çerkeşli İMES OSB  10.Cad.   No:16   ",,0262 502 16 21,0 537 397 28 92,ULUÇINAR VERGİ DAİRESİ,41202,info@sankyo-oilless.com.tr,,,TL,TR,41,5,,
K009,ALICI-SATICI,4811177965,İSMET KAZCIOĞLU OTOMOTİV SAN.VE TİC.LTD.ŞTİ.,Yeni Mevkii Uşak Sok.No.33 Yeşil Köyü,,+90 274 333 31 11,,SİMAV VERGİ DAİRESİ,43261,info@kzcty.com,,,TL,TR,43,11,,
T016,ALICI-SATICI,8450028138,TİSAŞ TRABZON SİLAH SANAYİ A.Ş.,"Organize Sanayi Bölgesi 61900 ",,"0(462) 711 1080 ",0(462) 711 1787,HIZIRBEY VERGİ DAİRESİ,61201,satinalma1@trabzonsilah.com,,,TL,TR,61,3,,
C008,ALICI-SATICI,2111100978,CKS KABLO TAŞIYICI SİSTEMLERİ SAN.TİC.A.Ş.,Yazıbaşı Mah.Batı Beton Cad.No.13,35870,2324583121,2324583122,TORBALI VERGİ DAİRESİ,35206,info@cks.com.tr,,,TL,TR,35,29,,
T017,ALICI-SATICI,8341375165,TEKFİX DIŞ TİCARET LTD.ŞTİ.,İstanbul Deri Organize Sanayi Bölgesi,34956,0212 910 13 37,,TUZLA VERGİ DAİRESİ  MÜDÜRLÜĞÜ,34245,muhasebe@tek-fix.com,,,TL,TR,34,36,,
C009,ALICI-SATICI,2330022909,ÇEBİ KİLİT VE MOBİLYA AKSESUARLARI SAN.TİC.A.Ş.,Abdurrahman Gazi Mah.İslamoğlu Cad.No.19,,+90 216 561 11 40,,ANADOLU KURUMLAR VERGİ D.  BŞK,34244,alpaslanyedidag@cebikilit.com,,,TL,TR,34,29,,
A012,ALICI-SATICI,2222222222,AYDINLAR YEDEK PARÇA SAN.VE TİC.A.Ş.,Konya Organize Sanayi Bölgesi İhsandede Cad.,,+90 444 4 293,,,,tetik.nazli@aydtr.com,,,TL,TR,42,26,,
320 2934,ALICI-SATICI,1191129624,AYES CİVATA BAĞLANTI ELEMANLARI METAL SAN.VE TİC.LTD.ŞTİ.,İOSB Bağcılar Güngören İş Merkezi Sok/No.56,34494,0 533 508 43 22,,İKİTELLİ VERGİ DAİRESİ,34249,info@ayescivata.com,,Abdullah Yeter,TL,TR,34,8,,
İ008,ALICI-SATICI,4810004183,İSLAM USTA METAL SAN.TİC.LTD.ŞTİ.,İOSB Esot San.Sitesi P Blok No.1,,0212 481 85 30,,İKİTELLİ VERGİ DAİRESİ,34249,info@islamcivata.com,emretopal@islamcivata.com,,TL,TR,34,8,,
M013,ALICI-SATICI,6131520274,MAX MOTHES CİVATA ÜRETİM SAN.VE TİC.LTD.ŞTİ.,"Güzelyurt Mah.5762 Sok.No.1//A 45110 ",45030,2222222222,,MESİR VERGİ DAİRESİ,45252,abc@abc.com,,,TL,TR,45,10,,
W001,ALICI-SATICI,8150500525,WÜRTH BAIER MICHELS OTOMOTİV LİMİTED ŞİRKETİ,Mineraliçavuş Mah.Çelik Cad.11/1,,0224 242 04 24,,NİLÜFER VERGİ DAİRESİ,16257,turkey@baier-michels.com,,,TL,TR,16,12,,
TRD.001,ALICI-SATICI,22222222222,ZAHİD DOĞAN,1644. SOKAK BEYAZ KONAKLAR SİTESİ A BLOK NO:5 DAİRE:4 Ayyıldız Mah,,3122222222,,,,pf+93k2x3jo@trendyolmail.com,,,TL,TR,6,10,,
D006,ALICI-SATICI,3090676588,DOĞUŞ KALIP METAL ve FORM SAN DIŞ TİC. ANONİM ŞİRKETİ,Mahmubey Mah. 2622 Sok No 4/Z1,34200,90 212 480 08 28,0552 902 95 30,GÜNEŞLİ   VERGİ  DAİRESİ    MD,34261,genelsatinalma@doguskalip.com.tr,,,TL,TR,34,5,,
U007,ALICI-SATICI,9010460256,UZMAN BAĞLANTIELEMANLARI OTOM. SAN. TİC. LTD. ŞTİ,Fevzi Çakmak Mah. 10641 sokak No:68,,5063796979,5076849809,SELÇUK VERGİ DAİRESİ,42251,info@uzmanbaglantielemanlari.com,,,TL,TR,42,22,,
B017,ALICI-SATICI,1490043307,BATEL ELEKTROMEKANİK SANAYİ VE TİCARET A.Ş.,10001 Sk.No.13 A.O.S.B.,,+90 232 376 76 90,,ÇİĞLİ VERGİ DAİRESİ,35269,info@batel.com.tr,,,TL,TR,35,10,,
A013,ALICI-SATICI,800999533,ARS CİVATA OTOMOTİV SANAYİ TİCARET LİMİTED ŞİRKETİ,FEVZİÇAKMAK MAH. 10641. SK. NO: 68 İÇ KAPI NO: 1,42050,5427429510,,SELÇUK VERGİ DAİRESİ,42251,abc@abc.com,,Samet Bey,TL,TR,42,22,,
P003,ALICI-SATICI,7280026129,PENTEK Pencere Aksesuar San. ve Tic. A.Ş.,"Galvano Teknik Sanayi Sit. G Blok No:3 İkitelli OSB ",,"+90 212 549 88 92 ",+90 549 362 62 12,İKİTELLİ VERGİ DAİRESİ,34249,hakan.can@pentek.com.tr,,Hakan Can,TL,TR,34,8,,
C010,ALICI-SATICI,1960721100,CABA CIVATA SAN.VE TIC.LTD.STI.,"1145/8 SK.NO:30/Q ",35250,"+90 232 4339227 ",,EGE VERGİ DAİRESİ,35268,mertcaba@cabacivata.com,burak.yildirim@cabacivata.com,,TL,TR,35,21,,
B018,ALICI-SATICI,1890607929,BUFAB INTERNATIONAL AB,Ağaoğlu Maslak 1453 No.1/U T-4A D:82,34398,5538814321,,MASLAK VERGİ DAİRESİ MÜDÜRLÜĞÜ,34247,abc@abc.com,,Olgu Palaz,TL,TR,34,30,,
İ010,ALICI-SATICI,4661369220,IRMARINETECH YAZILIM DANIŞMANLIK VE TİC.LTD.ŞTİ.,"Evliya Çelebi Mh. Küme Sk. Tuzla Ticaret Mrk. B Blok K:4 D:27 ",,+90 533 244 76 36,,TUZLA VERGİ DAİRESİ  MÜDÜRLÜĞÜ,34245,a.sert@irmarinetech.com,,Alper Sert,TL,TR,34,36,,
320 2967,ALICI-SATICI,54679523810,BERAT CİVATA - SAMET AVCI,"İKİTELLİ OSB MAH. BAĞCILAR GÜNGÖREN SANAYİ SİTESİ ",,9.02127E+11,,İKİTELLİ VERGİ DAİRESİ,34249,info@beratcivata.com,,,TL,TR,34,8,,
C011,ALICI-SATICI,2250062557,ÇALIK MOPET YEDEK PARÇA İNL.VE TEKS.SAN.TİC.LTD.ŞTİ.,10032 sk no:15 AOSB,,+90 232 479 51 15,,ÇİĞLİ VERGİ DAİRESİ,35269,muhasebe@calikmoped.com,,Sevcan Şıksoy,TL,TR,35,10,,
320 2968,ALICI-SATICI,5890469795,KRAFT MAKİNE SAN. DIŞ TİC. LTD. ŞTİ.2022,"İTOB OSB 10036 SOKAK NO:16 TEKELİ ",,0232 799 04 89,,MENDERES VERGİ DAİRESİ,35215,info@kraftmak.com,,,TL,TR,35,22,,
T018,ALICI-SATICI,8560750329,TORK İNOVASYON CİVATA VE BAĞLANTI ELEMANLARI LTD.ŞTİ.,Fevzi çakmak Mah.10753 Sok.H Blok No.48/D,10753,+90 533 343 52 96,,SELÇUK VERGİ DAİRESİ,42251,satis@torkcivata.com,,,TL,TR,42,22,,
T019,ALICI-SATICI,8360455559,TEKSAN VİDA VE BAĞLANTI ELEMANLARI SANAYİ TİC.LTD.ŞTİ.,Velibaba Mah.Akıncılar Sokak No.27,,0216 307 88 73,,PENDİK VERGİ DAİRESİ,34263,muhasebe@teksanvida.com,,,TL,TR,34,28,,
S010,ALICI-SATICI,9870007612,SAMSUN YURT SAVUNMA SANAYİ VE TİCARET A.Ş.,Şabanoğlu OSB Mah.Ulubatlı Caddesi No.2B/B,,0362 266 66 71,0538 514 65 25,19 MAYIS MAL MÜDÜRLÜĞÜ,55110,caglayan.gecit@canikarms.com,,"Çağlayan GEÇİT ",TL,TR,55,14,,
B019,ALICI-SATICI,1870701245,BRONZ ENDÜSTRİ ÜRÜN.PAZ.İNŞ.GIDA İTH.İHR.SAN.TİC.LTD.ŞTİ.,Kazım Dirik Mah.351 Sok.No.5-I,,0232 4860074,0536 452 05 12,HASAN TAHSİN VERGİ DAİRESİ,35263,info@bronzendustri.com,,,TL,TR,35,7,,
320 2975,ALICI-SATICI,1320074214,BAKIŞ KİMYA SANAYİ VE TİCARET LİMİTED ŞİRKETİ,"SEFAKÖY SAN.SİTESİ 1.BLOK  No:7 
34522 İKİTELLİ OSB",,"(212) 6716521 ",,YENİKAPI VERGİ DAİRESİ MD,34224,muhasebe@bakiskimya.com.tr,,,TL,TR,34,8,,
E015,ALICI-SATICI,3311984248,ELFA METAL SANAYİ VE TİCARET A.Ş.,"Ahi Evran OSB.Mah.Ural Cad.No.5/1 ",6935,0312 267 06 52,0312 267 06 53,SİNCAN VERGİ DAİRESİ MD.,6273,info@elfametal.com.tr,,,TL,TR,6,23,,
A014,ALICI-SATICI,710299379,APSAN BİJON OTO YEDEK PARÇ. SAN. TİC. LTD. ŞTİ.,"BÜSAN 3. ÖZEL ORG. SAN. F.ÇAKMAK MH. ",,"0332 345 15 90 ",,SELÇUK VERGİ DAİRESİ,42251,info@apsanbijon.com,,,TL,TR,42,22,,
320 2979,ALICI-SATICI,4220000878,GÜLŞEN OTOMASYON - ALİ RIZA GÜLŞEN,İOSB Mah.Heskoop San.Sitesi M2 Blok No.26,,0533 491 37 53,,İKİTELLİ VERGİ DAİRESİ,34249,alirizagulsen35@gmail.com,,,TL,TR,34,8,,
TD001,ALICI-SATICI,11111111111,Erkan Çalışkan,606 sk.süzgeç lila evler.b1 d1  İkiçeşmelik Mah Kuşadası/Aydın 09000,,,,,,pf+x6jm6v9p@trendyolmail.com,,,TL,TR,9,12,,
T020,ALICI-SATICI,8360024897,TEKMAN CİVATACILIK SARRAFLIK TİC.VE SAN.A.Ş.,Büyükkayacık OSB Mahallesi Kuddusi Cad. 42050,,+90 332 444 1 321,,SELÇUK VERGİ DAİRESİ,42251,muhasebe@tekman.com.tr,,,TL,TR,42,26,,
ŞK01,ALICI-SATICI,37147311614,ŞERFİE KARADAĞ,Adatepe Mah.20.Sok.No.69,,2322222222,,,,abc@abc.com,,,TL,TR,35,8,,
A015,ALICI-SATICI,330433384,AKPINAR CİVATA HIRD.İNŞ.SAN.VE TİC.A.Ş.,Ramazanoğlu Mah. Kaynarca Cad.No.47 Kurtköy,,0216 378 17 91,0532 327 41 01,PENDİK VERGİ DAİRESİ,34263,o.yigit@akpinarcivata.com.tr,,Orhan Yiğit,TL,TR,34,28,,
T021,ALICI-SATICI,8810045815,TÜRSAN OTOMOTİV İNŞ.VE TARIM MAK.SAN.VE TİC.LTD.ŞTİ.,Konya 3. Organize San.Bölgesi 12. Sok.No.24,42100,3322391773,,,,info@tursanotomotiv.com.tr,,,TL,TR,42,26,,
B020,ALICI-SATICI,1760407578,BİNTEK METAL SAN. VE TİC. A.Ş.,MİNARELİÇAVUŞ MH. MİLAS SK. NO:14/B,16110,"0224 241 50 33 ",0544 241 50 36,ERTUĞRULGAZİ VERGİ DAİRESİ,16258,info@bintek.com.tr,,,TL,TR,16,12,,
TRD.002,ALICI-SATICI,22222222222,Elxan Qocayev,D449368 Alibeyköy Mah. Atatürk Cd. No:135  Alibeyköy Mah Eyüpsultan/İstanbul 34000,,212222222,,,,pf+5xya2p92@trendyolmail.com,,,TL,TR,34,20,,
M014,ALICI-SATICI,6201573957,METSAN MAKİNA YEDEK PARÇA SAN.TİC.A.Ş,"ÖMERLİ MH MISIR SK. METSAN MAKINA NO:13/1 ",34000,0212 798 28 50,,BÜYÜKÇEKMECE VERGİ DAİRESİ  MD,34204,info@metsanltd.com,,,TL,TR,34,14,,
İ011,ALICI-SATICI,4730058646,İLKE OTOMASYON ELEKTRİK İTH. İHR. SAN ve TİC. LTD. ŞTİ.,"OKMEYDANI, PERPA TİCARET MERKEZİ B BLOK KAT:8 NO:1006-1008",,2123206340,2123206342,ŞİŞLİ  VERGİ DAİRESİ MÜDÜRLÜĞÜ,34276,muhasebe1@ilkeotomasyon.com.tr,,aydın bey,TL,TR,34,35,,
M016,ALICI-SATICI,4920268605,KALİTEK MEGASAN HIRDAVAT ENDÜSTRİYEL TEDARİK HİZMETLERİ SAN. VE TİC. A.Ş.,Üçevler Mah. 84.(220) Sok. No.1 Nilüfer,16120,0 224 443 0 450,,ÇEKİRGE VERGİ DAİRESİ,16253,muhasebe@megasanhirdavat.com,,,TL,TR,16,12,,
F002,ALICI-SATICI,3881153680,FSA TİM MAKİNE İMALAT SAN. VE TİC. ŞTİ.,İKİTELLİ OSB AYKOSAN SAN. SİT. 4 LÜ D BLOK NO.57 BAŞAKŞEHİR/İSTANBUL,,0212 671 90 31,,İKİTELLİ VERGİ DAİRESİ,34249,info@fsatim.com,,,TL,TR,34,8,,
A016,ALICI-SATICI,1080390141,AYAZ OTOMAT LTD. ŞTİ.,ÇALI SANAYİ BÖLGESİ BEYAZ CAD. NO:5 NİLÜFER/BURSA,16110,0537 689 60 23,0224 482 3866,ERTUĞRULGAZİ VERGİ DAİRESİ,16258,satinalma@ayazotomat.com,,ŞÜKRİYE ALAN,TL,TR,16,12,,
K010,ALICI-SATICI,5530043760,KALİTE OTOMAT MAK.SAN. VE TİC.LTD.ŞTİ,İKİTELLİ OSB MAH. ESKİ TURGUT ÖZAL CAD. NO:18/101 BAŞAKŞEHİR/İSTANBUL,34000,0212 549 34 88,,İKİTELLİ VERGİ DAİRESİ,34249,info@kaliteotomat.com,,,TL,TR,34,8,,
TRD.003,ALICI-SATICI,8590550696,TRIO OTOMOTİV SAN. VE TİC. LTD. ŞTİ,DUDULLU OSB İMES SAN SİTESİ C BLOK 308 SK NO:38,34775,0216 499 59 00,,SARIGAZİ  VERGİ  DAİRESİ    MD,34288,info@triootomotiv.com,yusufa@triootomotiv.com.tr,,TL,TR,34,37,,
T022,ALICI-SATICI,8720013736,TUSAŞ - TÜRK HAVACILIK VE UZAY SANAYİİ A.Ş.,"Fethiye Mah.Havacılık Bulvarı No.17 ",6980,0312 811 18 00,,KAZAN MAL MÜDÜRLÜĞÜ,6124,tugba.akcakaya@tai.com.tr,,,TL,TR,6,16,,
B021,ALICI-SATICI,1380669854,BALKAN KALIP VE OTOMOTİV SAN.TİC.A.Ş.,Zafer Mahallesi Adile Naşit Bulvarı 174.Sok. No.5,,0212 690 69 11,0212 423 20 80,AVCILAR  VERGİ DAİRE MÜDÜRLÜĞÜ,34294,abc@abc.com.tr,,Tülay Hanım,TL,TR,34,18,,
B022,ALICI-SATICI,1871471748,BUBA TASARIM SANAYİ TİCARET A.Ş.,İnönü Mah.Doğan Araslı Bulvarı 363.Sokak Koçerler İş Mrk.,,5544977235,,AVCILAR  VERGİ DAİRE MÜDÜRLÜĞÜ,34294,info@bubatasarim.com,,,TL,TR,34,18,,
A017,ALICI-SATICI,680060213,ANADOL CİVATA TİCARET VE SANAYİ LTD.ŞTİ.,Perşembe pazarı Cad.Çeşme Sok.Çeşme Han No.11/01-08-10,,"0212 244 24 33 ",0212 252 23 47,BEYOĞLU VERGİ DAİRESİ,34266,info@anadolcivata.com,,,TL,TR,34,13,,
E016,ALICI-SATICI,3240771316,EDSA ENDÜSTRİYEL MONTAJ SİSTEMLERİ VE BAĞLANTI ELEMANLARI LTD.ŞTİ.,Alaaddinbey Mh. 618. Sk. No:8/B,,0(224) 242 52 42,0542 345 59 16,ÇEKİRGE VERGİ DAİRESİ,16253,s.acikgoz@edsaendustriyel.com,,Sezer AÇIKGÖZ,TL,TR,16,12,,
Y011,ALICI-SATICI,510985504,ALFA VİDA SANAYİ ve TİC. A.Ş.,Sanayi Mah. Taşbaşı sok. No:15,34045,0532 581 7494,2165184821,PENDİK VERGİ DAİRESİ,34263,arda@ever-fast.com,,Arda bey,TL,TR,34,28,,
Y012,ALICI-SATICI,7811025165,SSM OTOMOTİV SANAYİ VE TİCARET A.Ş.,Minareliçavuş Mah. Mevsim Sokak No:20 İç Kapı :1,16110,,,NİLÜFER VERGİ DAİRESİ,16257,Murat@ssmotomotiv.com.tr,,,TL,TR,16,12,,
Y013,ALICI-SATICI,9010030213,UZMAN KARDAN MAKİNE OTOMOTİV SAN. ve TİC LTD ŞTİ.,İKİTELLİ OSB. BAĞCILAR-GÜNGÖREN SAN. SİT. 18. BLOK NO:2-4-6-8-10,,,,İKİTELLİ VERGİ DAİRESİ,34249,info@uzmankardan.com,,,TL,TR,34,8,,
Y014,ALICI-SATICI,41017914,ACAR VİDA A.Ş,SANAYİ MAHALLESİ HIZIR REİS CADDESİ NO:12  KURTKÖY,34906,,0216 307 9827,PENDİK VERGİ DAİRESİ,34263,muhasebe@acarvida.com.tr,sales@acarvida.com.tr,GÜLÇİN KÖSE,TL,TR,34,28,,
G004,ALICI-SATICI,3930073259,GENÇ CIVATA LTD ŞTİ,"BAĞCILAR GÜNGÖREN SAN. SİTESİ  A13 BLOK NO:17 ",,0212 549 0203,,İKİTELLİ VERGİ DAİRESİ,34249,genccivata@hotmail.com,,,TL,TR,34,8,,
S011,ALICI-SATICI,7840322442,SUR BAĞLANTI ELEMANLARI SAN ve TİC. LTD. ŞTİ,PİRİNÇÇİ MAH.PİRİNÇÇİ KÖY YOLU SOK. NO:57,34076,0533 13168 22,,GAZİOSMANPAŞA VERGİ DAİRESİ MD,34269,muhasebe@surbaglanti.com,,,TL,TR,34,19,,
E017,ALICI-SATICI,3250288719,EGETEKNİK CİVATA HIRDAVAT LTD.ŞTİ,"ALAADDİN BEY MH 70 SK KARDEMSAN PLAZA NO:8JK ",16000,4433060,,ÇEKİRGE VERGİ DAİRESİ,16253,egeteknik@egeteknik.com.tr,,,TL,TR,16,12,,
320 3039,ALICI-SATICI,4710416671,İLERİ MEKANİK MAKİNA KALIP İMALAT SAN. TİC. A.Ş.,"1. CADDE 13. SOKAK  No:5 41420 ÇAYIROVA/ KOCAELİ ",,0262 648 6666,,İLYASBEY VERGİ DAİRESİ,41203,info@ilerigroup.com,,,TL,TR,41,2,,
FRİ01,ALICI-SATICI,3880051292,FRİGO SOĞUTMA SANAYİ VE TİCARET A.Ş,"KÜÇÜK PİYALE MH BAHRİYE CD NO: 133/1-2 Kasımpaşa İSTANBUL ",34000,2122931130,,KASIMPAŞA VERGİ  DAİRESİ  MD,34254,info@frigosogutma.com,,,TL,TR,34,13,,
LBL01,ALICI-SATICI,6080055976,Libal Makine Otomat San.ve Tic.Ltd.Şti.,10041 sokak no:15 A.O.S.B Çiğli-İZMİR,,0 232 376 88 74,,ÇİĞLİ VERGİ DAİRESİ,35269,asli.guler@libalmakina.com,,,TL,TR,35,10,,
A032,ALICI-SATICI,58708344650,"REYHAN AKYEL ","GAZİ SÜLEYMAN PAŞA LİSE SK NO:48 GEVYE SAKARYA ",,0,,,,abc.abc@hotmail.com,,,TL,TR,54,6,,
AIC-01,ALICI-SATICI,101559004,AICS BUSİNESS SOLUTİONS ÇELİK TİC.LTD.ŞTİ,AHİ EVRAN MH NO:4 SİNCAN ANKARA,6935,3126307970,,SİNCAN VERGİ DAİRESİ MD.,6273,muhasebe@aics-bs.com,,,TL,TR,6,23,,
SH01,ALICI-SATICI,7390523456,SAHİL BAĞLANTI ELEM.YEDEK PARÇA SAN.İÇ VE DIŞ TİC.LTD.ŞTİ.,Topçular Mah. Rami Kışla Cad.Çiftçi Ali Sok.  No:5/B Kapı No:1 34050 Eyüp / İstanbul,,2122386800,,BAYRAMPAŞA VERGİ  DAİRESİ   MD,34264,info@sahilbaglanti.com,,,TL,TR,34,19,,
320 3047,ALICI-SATICI,7370361389,SAFETYKLEEN PARÇA TEMİZLİK HİZMETLERİ LTD.ŞTİ.,"İKİTELLİ OSB GALVANO TEK.SAN.SİT. A BLOK  No: 69  34490  BAŞAKŞEHİR / İSTANBUL  ",,2126717847,,BOĞAZİÇİ KURUMLAR VERGİ D. MD.,34231,ilknur.yeksan@safetykleen-int.com,,,TL,TR,34,8,,
SLS-01,ALICI-SATICI,7601050511,SELSA OTOMOTİV SANAYİ A.Ş,"MİNARELİÇAVUŞ OSB MH ERGUVAN CD NO:11 ",16220,2120000000,,ERTUĞRULGAZİ VERGİ DAİRESİ,16258,ABC.ABC@OUTLOOK.COM,,,TL,TR,16,12,,
SEÇ01,ALICI-SATICI,7580051207,Seçkin Otomat Cıvata Somun San Tic Ltd Sti,I.o.s.b Tormak Sanayi Sitesl E Blok No:8/1 Basaksehir,,,,İKİTELLİ VERGİ DAİRESİ,34249,info@seckinotomat.com,,,TL,TR,34,8,,
PUL001,ALICI-SATICI,7331172989,PULLUKCU GALVANİZ MAKİNA KİMYA HASAN PULLUKCU,"FEVZİ ÇAKMAK MH 10768 SK E BLOK NO:8 KARATAY KONYA ",42050,"0332 249 98 64 ",0332 249 98 64,SELÇUK VERGİ DAİRESİ,35209,ABC.ABC@OUTLOOK.COM,,,TL,TR,42,22,,
AYÇA01,ALICI-SATICI,28285871832,"AYNUR BEKTAŞ AYÇA CİVATA ","ESKİ EDİRNE ASFALTI CAD. NO:20 MURATPAŞA MAHALLESİ İSTANBUL BAYRAMPAŞA ",,2125953094,,TUNA   VERGİ DAİRESİ MÜDÜRLÜĞÜ,34257,bektas@aycacivata.com,,,TL,TR,34,9,,
TMAK01,ALICI-SATICI,8360433788,TEKMAK KALIP PLASTİK VE MAKİNE SANAYİ TİC LTD. ŞTİ,ŞEKERPINAR MAH. ÇİĞDEM SOK. NO:20/0,41420,0262 6420720,,İLYASBEY VERGİ DAİRESİ,41203,muhasebe@tekmakkalip.com,,,TL,TR,,,,
HAVASİS-01,ALICI-SATICI,4600481520,HAVASİS ENDÜSTRİ ÜRÜNLERİ SANAYİ VE TİCARET ANONİM ŞİRKETİ,MERSİNLİ MH 2823/1 SK NO:2/130 KONAK İZMİR,35220,0232 459 80 02,,EGE VERGİ DAİRESİ,35268,hakan.yerlice@havasis.com.tr,,,TL,TR,,,,
AER-01,ALICI-SATICI,80824860,AER DIESEL OTOMOTİV YEDEK PAR. SAN. VE TİC LTD. ŞTİ,"FEVZİ ÇAKMAK MH 10465 SK NO:23/1 KARATAY KONYA ",42050,0332 502 00 99,,SELÇUK VERGİ DAİRESİ,35209,muhasebe@aerdiesel.com,,,TL,TR,,,,
S012,ALICI,7701023216,SIRO SILK ROAD TEMİZ ENERJİ DEPOLAMA TEKN. SAN. ve TİC. A.S,SIRO Gemlik Fabrika,16600,0 (850) 833 3345,,ULUÇINAR,16600,info@siro.energy,,,TL,TR,16,,,
SLC003,ALICI-SATICI,7600002714,SELECTRON ELEKTROKİMYA SANAYİ VE TİCARET LİMİTED ŞİRKETİ,"Şengül No:6 34303 küçükçekmece / istanbul ",34303,2124700310,,MARMARA KURUMLAR VERGİ D. BŞK.,34232,info@selectron.com.tr,,,TL,TR,,,,
ALG002,ALICI-SATICI,510783343,ALG FORKLİFT SAN. VE TİC. LTD. ŞTİ,"DERİ OSB MH RUGAN SK İSTANBUL DERİ OSB XVII BLOK NO:2 KAPI NO:17-6 ",34959,,,TUZLA VERGİ DAİRESİ  MÜDÜRLÜĞÜ,34245,info@algforklift.com,,,TL,TR,,,,
PALMİYE-01,ALICI-SATICI,7720171510,Palmiye Global Hareketli Yapı Sistemleri San.ve Tic. A.Ş.,OSMANGAZİ Mahallesi 2647 Sokak  No:33 34522 ESENYURT/ İSTANBUL,34522,(212) 8863244,,ESENYURT VERGİ DAİRESİ MD,34298,erp@palmiye.eu,,,TL,TR,,,,
BURÇAK-01,ALICI-SATICI,1910348085,BURÇAK METAL OTOM.YAN.SAN.TİC.LTD.ŞTİ,"NOSAB N.. / 111. SOK 16140 NİLÜFER/ BURSA ",16140,224) 4110610,,NİLÜFER VERGİ DAİRESİ,16257,muhasebe@burcakmetal.com,,,TL,TR,,,,
HEMA-01,ALICI-SATICI,4610031137,HEMA ENDÜSTRİ A.Ş,MASLAK BÜYÜKDERE CAD NO:235,34360,2122852240,,BÜYÜK MÜKELLEF. V.D. BAŞKANLIĞ,34230,hemaendustrimuhasebe@hattat.com.tr,,,TL,TR,,,,
EURO-01,ALICI-SATICI,3811022609,EUROCLASS KOMPRESÖR SOĞUTMA SİSTEMLERİ SANAYİ TİC LTD ŞTİ.,İOSB MAH AYKOSAN SANAYİ SİT. 6 LI B BLOK KAPI NO:6,34000,5387987477,,İKİTELLİ VERGİ DAİRESİ,34249,info@euroclasskompresor.com,,,TL,TR,,,,
ORG-02,ALICI-SATICI,6450795655,ORGANİZE SOLUTIONS METAL SAN. VE TİC. LTD. ŞTİ,"ULUBATLI HASAN MH 2994 SK NO:12 /1 ",1358,543 263 9988,,YÜREĞİR VERGİ DAİRESİ,1252,mehmet-ali.alan@organize-solutions.com,,,TL,TR,,,,
TURB-002,ALICI-SATICI,24838499232,"TURBOLT OTOMOTİV VE İNŞAAT BAĞLANTI ELEMANLARI ","ORTABAĞLAR MH OSMANBEY CD NO:22/2 ",16290,5323764761,,GÖKDERE VERGİ DAİRESİ,16259,abc.abc@outlook.com,,,TL,TR,,,,
S013,ALICI-SATICI,7692427894,SFT FASTENINGS VİDA CİVATA SAN. VE TİC LTD ŞTİ,Ziya Gökalp Mah. Süleyman Demirel Blv. The Office No:7E iç kapı : 136,34035,,,İKİTELLİ VERGİ DAİRESİ,34249,asda@gmail.com,,,TL,TR,,,,
ÇCONTA.01,ALICI-SATICI,2400585433,ÇELİKCONTA OTOMOTİV YEDEK PARÇA SANAYİ TİCARET VE LİMİTED ŞİRKETİ,ZİYAGÖKALP MAHALLESİ ABDULLLAHPAŞA CADDESİ NO:27,34000,0212-486 13 26 / 27,,İKİTELLİ VERGİ DAİRESİ,34249,abc.abc@hotmail.com,,,TL,TR,,,,
ABF-001,ALICI-SATICI,91831198,AFB GROUP OTOMOTİV SANAYİ VE TİCARET A.Ş.,Demirci Mah. Demirci Yolu Cad.No:76A Nilüfer / Bursa,16110,,,ÇEKİRGE VERGİ DAİRESİ,16253,abc.abc@hotmail.com,,,TL,TR,,,,
ISRING-01,ALICI-SATICI,3800404795,ISRINGHAUSEN Oto Yan San. Yed. Par. ve Koltuk Sist. San. ve Tic. A.Ş.,"Demirtaş DumlupınarOSB Mah.M.Karaer Cad. Açelya Sk. No:2 16369 Demirtaş / Bursa / ",16369,"90 549 785 24 26  ",,ULUDAĞ VERGİ DAİRESİ,16255,sacar@isri.com.tr,,,TL,TR,,,,
DAMA-01,ALICI-SATICI,2690418084,DAMA MAKİNE LTD. ŞTİ.,MARMARACIK MAH. 3 SANAYİ CAD. NO:16/1,59930,"0282 686 20 30 ",,ÇORLU VERGİ DAİRESİ,59262,uretim@damatool.com,,,TL,TR,,,,
MUBEA-01,ALICI-SATICI,7810197776,MUBEA ROLLBONDİNG PRODUCTS TEKNIK MONTAJ SANAYI VE TIC. A.Ş.,"GAZİOSMANPAŞA   No:112  Çerkezköy/ Tekirdağ ",59500,0,,SÜLEYMANPAŞA VERGİ DAİRE,59201,Cagatay.Pekcakir@mubea.com,,,TL,TR,,,,
DOSTMKN-01,ALICI-SATICI,3100058234,DOST MAKİNA SAN. VE TİC. LTD.ŞTİ,"DÖRTYOL SANAYİ ÇARŞI 9.YOL NO:1 ",54100,2642912311,,ALİ FUAT CEBESOY VERGİ DAİRESİ,54252,info@dostmakina.com.tr,,,TL,TR,,,,
120-HÜRSAN,ALICI-SATICI,4640062291,HÜRSAN MÜHENDİSLİK VE İMALAT SAN. LTD ŞTİ.,"TOSB ORG SAN BÖLGESİ 1.CAD 12 SOK. NO: 6/1 ",41420,0262 658 8585,,İLYASBEY VERGİ DAİRESİ,41203,info@hursan.biz,,,TL,TR,,,,
İNNOMAK-01,ALICI-SATICI,4780540224,İNNOMAK METAL İŞLEME MAK.SAN. TİC. LTD. ŞTİ.,ORG. SANAYİ BÖLGESİ DEMİRCİLER SAN. SİTESİ H BLOK NO:17,16140,0224 243 0262,,NİLÜFER VERGİ DAİRESİ,16257,bilgi@innomak.com.tr,,,TL,TR,,,,
GRL.001,ALICI-SATICI,4090052979,GÖRGÜLÜ İNŞ. İTH. İHR. SAN VE TİC. LTD. ŞTİ,"OSTİM / YENİMAHALLE / Ankara OSTİM 1180,CD.NO:25 YENİMAHALLE/ANKARA",6560,0312 354 78 48,,ULUS VERGİ DAİRESİ MD.,6260,info@ekimyasal.com,,,TL,TR,,,,
S014,ALICI,,CROWN SCREW LTD,"Unit 1, Cross Quays Business Park Hallbridge Way",34490,121 544 2556,,,,jon.roscoe@crownscrew.co.uk,,Jon Roscoe,EUR,UK,TIVIDALE,,,
MRR-001,ALICI-SATICI,6201186854,METROER ALÜMİNYUM CAM SİSTEMLERİ SAN. VE DIŞ TİC. LTD. ŞTİ,TAHTAKALE MAH. BEREKET SOK. 1 NO:2/A AVCILAR İSTANBUL,34000,,,İKİTELLİ VERGİ DAİRESİ,34249,abc.abc@hotmail.com,,,TL,TR,,,,
